{
    "1700 S 07th St 19147":{
        "categories":[
            [
                "Cambodian",
                "cambodian"
            ]
        ],
        "display_phone":"+1-215-755-2222",
        "distance":138.80913645114398,
        "id":"khmer-kitchen-philadelphia-5",
        "image_url":"https://s3-media1.fl.yelpcdn.com/bphoto/Rwmj2cGeGchPiC52LSWuhg/ms.jpg",
        "is_claimed":true,
        "is_closed":false,
        "location":{
            "address":[
                "1700 S 6th St"
            ],
            "city":"Philadelphia",
            "coordinate":{
                "latitude":39.92747,
                "longitude":-75.15577
            },
            "country_code":"US",
            "display_address":[
                "1700 S 6th St",
                "East Passyunk Crossing",
                "Philadelphia, PA 19148"
            ],
            "geo_accuracy":8.0,
            "neighborhoods":[
                "East Passyunk Crossing"
            ],
            "postal_code":"19148",
            "state_code":"PA"
        },
        "mobile_url":"https://m.yelp.com/biz/khmer-kitchen-philadelphia-5?adjust_creative=2GBPIKHCzXyeq_ZmZ5JM4g&utm_campaign=yelp_api&utm_medium=api_v2_search&utm_source=2GBPIKHCzXyeq_ZmZ5JM4g",
        "name":"Khmer Kitchen",
        "phone":"2157552222",
        "rating":4.5,
        "rating_img_url":"https://s3-media2.fl.yelpcdn.com/assets/2/www/img/99493c12711e/ico/stars/v1/stars_4_half.png",
        "rating_img_url_large":"https://s3-media4.fl.yelpcdn.com/assets/2/www/img/9f83790ff7f6/ico/stars/v1/stars_large_4_half.png",
        "rating_img_url_small":"https://s3-media2.fl.yelpcdn.com/assets/2/www/img/a5221e66bc70/ico/stars/v1/stars_small_4_half.png",
        "review_count":326,
        "snippet_image_url":"https://s3-media4.fl.yelpcdn.com/photo/nTyhiXr6j5HLsM4h-kETtw/ms.jpg",
        "snippet_text":"This place is literally a hole in the wall. The place is small and cramped. It can only seats maybe 12 to 14 people maxed. Not a place to come if you have a...",
        "url":"https://www.yelp.com/biz/khmer-kitchen-philadelphia-5?adjust_creative=2GBPIKHCzXyeq_ZmZ5JM4g&utm_campaign=yelp_api&utm_medium=api_v2_search&utm_source=2GBPIKHCzXyeq_ZmZ5JM4g"
    },
    "2548 S 58th St 19153":{
        "categories":[
            [
                "Thai",
                "thai"
            ],
            [
                "Food Delivery Services",
                "fooddeliveryservices"
            ]
        ],
        "display_phone":"+1-267-713-7993",
        "distance":1.0147130891408354,
        "id":"siam-lotus-express-philadelphia",
        "image_url":"https://s3-media4.fl.yelpcdn.com/bphoto/tIOHRcmnGeRS-CpHjEVhRw/ms.jpg",
        "is_claimed":true,
        "is_closed":false,
        "location":{
            "address":[
                "2548 S 58th St"
            ],
            "city":"Philadelphia",
            "coordinate":{
                "latitude":39.928,
                "longitude":-75.21968
            },
            "country_code":"US",
            "display_address":[
                "2548 S 58th St",
                "Philadelphia, PA 19143"
            ],
            "geo_accuracy":8.0,
            "postal_code":"19143",
            "state_code":"PA"
        },
        "menu_date_updated":1476396659,
        "menu_provider":"single_platform",
        "mobile_url":"https://m.yelp.com/biz/siam-lotus-express-philadelphia?adjust_creative=2GBPIKHCzXyeq_ZmZ5JM4g&utm_campaign=yelp_api&utm_medium=api_v2_search&utm_source=2GBPIKHCzXyeq_ZmZ5JM4g",
        "name":"Siam Lotus Express",
        "phone":"2677137993",
        "rating":5.0,
        "rating_img_url":"https://s3-media1.fl.yelpcdn.com/assets/2/www/img/f1def11e4e79/ico/stars/v1/stars_5.png",
        "rating_img_url_large":"https://s3-media3.fl.yelpcdn.com/assets/2/www/img/22affc4e6c38/ico/stars/v1/stars_large_5.png",
        "rating_img_url_small":"https://s3-media1.fl.yelpcdn.com/assets/2/www/img/c7623205d5cd/ico/stars/v1/stars_small_5.png",
        "review_count":5,
        "snippet_image_url":"https://s3-media1.fl.yelpcdn.com/photo/SPsDptvxeaYpnRD99cGXbw/ms.jpg",
        "snippet_text":"We ordered the C1 Red Curry with Chicken and Jasmine Rice, N3 Pad Kee Mao (Drunken Noodles)\nOver exceed my expectations. Everything was amazing. We had it...",
        "url":"https://www.yelp.com/biz/siam-lotus-express-philadelphia?adjust_creative=2GBPIKHCzXyeq_ZmZ5JM4g&utm_campaign=yelp_api&utm_medium=api_v2_search&utm_source=2GBPIKHCzXyeq_ZmZ5JM4g"
    },
    "2600  BenJamin Franklin Pkwy 19130":{
        "categories":[
            [
                "Local Flavor",
                "localflavor"
            ]
        ],
        "distance":0.0053604800754131,
        "id":"rocky-steps-philadelphia",
        "image_url":"https://s3-media1.fl.yelpcdn.com/bphoto/N_V-XUM36RQclARs8rys4w/ms.jpg",
        "is_claimed":false,
        "is_closed":false,
        "location":{
            "address":[
                "2600 Benjamin Franklin Pkw"
            ],
            "city":"Philadelphia",
            "coordinate":{
                "latitude":39.9658014702807,
                "longitude":-75.1811616495252
            },
            "country_code":"US",
            "display_address":[
                "2600 Benjamin Franklin Pkw",
                "Fairmount",
                "Philadelphia, PA 08102"
            ],
            "geo_accuracy":9.5,
            "neighborhoods":[
                "Fairmount",
                "Art Museum District"
            ],
            "postal_code":"08102",
            "state_code":"PA"
        },
        "mobile_url":"https://m.yelp.com/biz/rocky-steps-philadelphia?adjust_creative=2GBPIKHCzXyeq_ZmZ5JM4g&utm_campaign=yelp_api&utm_medium=api_v2_search&utm_source=2GBPIKHCzXyeq_ZmZ5JM4g",
        "name":"Rocky Steps",
        "rating":4.5,
        "rating_img_url":"https://s3-media2.fl.yelpcdn.com/assets/2/www/img/99493c12711e/ico/stars/v1/stars_4_half.png",
        "rating_img_url_large":"https://s3-media4.fl.yelpcdn.com/assets/2/www/img/9f83790ff7f6/ico/stars/v1/stars_large_4_half.png",
        "rating_img_url_small":"https://s3-media2.fl.yelpcdn.com/assets/2/www/img/a5221e66bc70/ico/stars/v1/stars_small_4_half.png",
        "review_count":91,
        "snippet_image_url":"https://s3-media4.fl.yelpcdn.com/photo/dt2EpjpAa5fG3pGTcN5KrA/ms.jpg",
        "snippet_text":"Another one of many landmarks is the Rocky Steps, located on the east entrance of the Philadelphia Museum of Art. It is said to be the second most famous...",
        "url":"https://www.yelp.com/biz/rocky-steps-philadelphia?adjust_creative=2GBPIKHCzXyeq_ZmZ5JM4g&utm_campaign=yelp_api&utm_medium=api_v2_search&utm_source=2GBPIKHCzXyeq_ZmZ5JM4g"
    }
}